{"cameraMode":{"drawMode":0,"name":"Shaded","section":"Shading Mode"},"sceneLighting":true,"audioPlay":false,"sceneViewState":{"m_AlwaysRefresh":false,"showFog":true,"showSkybox":true,"showFlares":true,"showImageEffects":true,"showParticleSystems":true,"showVisualEffectGraphs":true,"m_FxEnabled":false},"in2DMode":false,"pivot":{"x":-0.22074413299560548,"y":0.2841176986694336,"z":2.258612632751465},"rotation":{"x":-0.13459910452365876,"y":0.6752059459686279,"z":-0.12726247310638429,"w":-0.7140135169029236},"size":4.949263095855713,"orthographic":false}